{
  "abilityFactor": [
    1,
    1.2,
    1.4,
    1.5999999999999999,
    1.815,
    2.0439,
    2.2727999999999997,
    2.5016999999999996,
    2.7305999999999995,
    2.9594999999999994,
    3.1883999999999992,
    3.417299999999999,
    3.646199999999999,
    3.875099999999999,
    4.103999999999999,
    4.3328999999999995,
    4.5618,
    4.7907,
    5.0196000000000005,
    5.248500000000001,
    5.548500000000001,
    5.998500000000001,
    6.907300000000001,
    7.816100000000001,
    8.724900000000002,
    9.633700000000001,
    10.5425,
    11.4513,
    12.3601,
    13.268899999999999,
    14.177699999999998,
    15.086499999999997,
    15.995299999999997,
    16.904099999999996,
    17.812899999999996,
    18.721699999999995,
    19.630499999999994,
    20.539299999999994,
    21.448099999999993,
    22.748099999999994,
    24.548099999999994,
    26.448099999999993,
    28.448099999999993,
    30.737099999999995,
    34.8454,
    38.9537,
    43.062,
    47.1703,
    51.2786,
    55.3869
  ],
  "starMultiplierPerStar": 0.1,
  "rarityAbilityStep": 0.2,
  "gearRanks": [
    [
      "Stone I",
      0
    ],
    [
      "Stone II",
      1
    ],
    [
      "Stone III",
      2
    ],
    [
      "Iron I",
      3
    ],
    [
      "Iron II",
      4
    ],
    [
      "Iron III",
      5
    ],
    [
      "Bronze I",
      6
    ],
    [
      "Bronze II",
      7
    ],
    [
      "Bronze III",
      8
    ],
    [
      "Silver I",
      9
    ],
    [
      "Silver II",
      10
    ],
    [
      "Silver III",
      11
    ],
    [
      "Gold I",
      12
    ],
    [
      "Gold II",
      13
    ],
    [
      "Gold III",
      14
    ],
    [
      "Diamond I",
      15
    ],
    [
      "Diamond II",
      16
    ],
    [
      "Diamond III",
      17
    ]
  ]
}